Source;Target
Face Wash;wardah
Face Wash;safi
Face Wash;simple
Face Wash;skintific
Face Wash;cosrx
Face Wash;somethinc
Face Wash;senka
Face Wash;npure
Face Wash;the originote
Toner;npure
Toner;the originote
Toner;wardah
Toner;skintific
Toner;somethinc
Toner;azarine
Toner;whitelab
Toner;avoskin
Serum;somethinc
Serum;the originote
Serum;wardah
Serum;whitelab
Serum;azarine
Serum;skintific
Serum;skin1004
Serum;avoskin
Moisturizer;skintific
Moisturizer;the originote
Moisturizer;skin1004
Moisturizer;azarine
Moisturizer;somethinc
Moisturizer;eiem
Moisturizer;whitelab
Sunscreen;skin1004
Sunscreen;the originote
Sunscreen;wardah
Sunscreen;biore
Sunscreen;facetology
Sunscreen;azarine
Sunscreen;skintific
Sunscreen;nivea
Sunscreen;carasun
Sunscreen;eiem
Sunscreen;somethinc
Micellar Water;sea make up
Micellar Water;nivea
Micellar Water;wardah
Micellar Water;garnier
Micellar Water;skintific
Micellar Water;biore
Micellar Water;azarine
Eye Serum;the originote
Eye Serum;skintific
Eye Serum;npure
Eye Serum;elsheskin
Eye Serum;ms glow
Eye Serum;lacoco
Clay Mask;the originote
Clay Mask;wardah
Clay Mask;alformula
Clay Mask;wardah
Clay Mask;npure
Clay Mask;skintific
